Unknown speaker,Survivor,Sigsbee,Politicians,Military personnel ,Journalists,Experts,Irrelevant,"16 context hits for ""public"" / ""opinion"""
1,,,,,,,,"nded and the rest saved located on board a Spanish warship and an American steamer , the public opinion should defer its decision and await further notification . Several Spanish officers and represe"
,,,,1,,,,al Blanco are with me for me to express his participants enter. `` It cited the call for public opinion that has not yet pronounce its judgment in the matter seems to support our Londonmeddelares aut
,,,,,,1,,iven birth to meriministeriossa exceedingly surprise . Head of Dickens Sailing Office is of the opinion that the explosion occurred ship firearms in stock . Bring the fact that as soon as the ship su
,,,,,,1,,"plosion occurred ship firearms in stock . Bring the fact that as soon as the ship sunk , in his opinion , to prove that it does explosion was caused by torpcedon . Maine Sigsbeen the captain announce"
1,,,,,,,,"explosion still completely shrouded in mystery . The tongifvande in America lean mostly to the opinion , that the accident caused the accident . Yet there is among them a great concern for the peopl"
,1,,,,,,,. Even those of Keywest arrive officers and sailors of Maine 's crew have unanimously as their opinion stated that the explosion does not franledts of anything from outside . On behalf of the United
1,,,,,,,,"explosion still completely shrouded in mystery . The tongifvande in America lean mostly to the opinion , that the accident caused the accident . Yet there is among them a great concern for the peopl"
,,,,,,1,,"en birth to meriministeriossa the unaltered surprise . Head of Dickens Sailing Office is of the opinion that the explosion occurred LAIMA ampumamarastossll . That fact that Laima immediately sunk , i"
,,,,,,1,,"the explosion occurred LAIMA ampumamarastossll . That fact that Laima immediately sunk , in his opinion , prove that the explosion was not caused by tarpeedon . an accident like the captain Sigsbeen"
,,,,,,1,,"has provided a meriministerissa tawattoman surprise . Head of Dickens Sailing Office is of the opinion that the explosion occurred laiwan ampumawarastossa . That fact that Laiwa immediately sunk , i"
,,,,,,1,,"the explosion occurred laiwan ampumawarastossa . That fact that Laiwa immediately sunk , in his opinion , prove that the explosion was not caused by the ice torpedo . Like the captain announced that"
,,,,,,1,,"xplosion occurred in the ship ampumawarastossa . That fact that Laiwa immediately sunk , in his opinion , prove that the explosion was not caused by the ice torpedo . Maine Sigsbeen the captain annou"
,,,,,,1,,"xplosion occurred in the ship ampumawarastossa . That fact that Laiwa immediately sunk , in his opinion , prove that the explosion was not caused by the ice torpedo . Maine Sigsbeen the captain annou"
1,,,,,,,,"of the explosion remain uninvestigated . Tongifvande people in the United Towns sit most of the opinion that it would be a matter of accident . Officially announced gegenom appropriations , that the"
,,,,,,1,,"given birth to meriministeriossa unconfined surprise . Head of Dickens Sailing Office is of the opinion that the explosion occurred LAIMA ampumawarastossa . That fact that Laiwa immediately sunk , in"
,,,,,,1,,"the explosion occurred LAIMA ampumawarastossa . That fact that Laiwa immediately sunk , in his opinion , prove that the explosion was not caused by the ice torpedo . Maine Sigsbeen the captain annou"