Unknown speaker,Survivor,Sigsbee,Politicians,Military personnel ,Journalists,Experts,"132 context hits for ""public"" / ""opinion"""
,,Suspend Opinion,,,,,"explosion they were to occur ENL popular justice triumphs . tregados to rest the crew . Public opinion must suspend P a r t s June 1 . - L or s newspapers p a r t i d e r s Dreyfus c o n c e p t e n"
Undecided/Unclear,,,,,,,"Gravo but do not believe that can be offered a doubt about the causes of the accidenle . Public opinion curiosity overcomes so far to any other senti ment , but im asking me that even the friends we"
,,Suspend Opinion,,,,,"meuto . The boat floats yet . In the explosion occur were among gados to rest the crew . Public opinion must suspend judgment until new details . It is believed that all Maine officials have been sav"
,,,Undecided/Unclear,,,,"hortly before four o'clock . The impression was deep in the ANI or of the Government and public opinion , because it is an American ship and so citicas circumstances . Our authorities in Havana have"
,,Suspend Opinion,,,,,"more clothes than those of the suit He was wearing . Respeeto the cause of the disaster public opinion must suspend its judgment until convey new reports , > S creee who they have saved all officers"
Undecided/Unclear,,,,,,,"vy unanimous claim that the explosion verified in the inttrior of the ship , and this It is the opinion that has most deeply rooted in England . '' `` Evening edition nm POLiTicis According to a coll"
,,Suspend Opinion,,,,,"The boat floats yet . A .se hallabai the explosion occur delivered rest ios crew . `` `` Public opinion must suspend all ha.sta start new details . It is believed that all Maine officials have saved"
,,,,Undecided/Unclear,,,"ated da Navigation admiralty Washington , questioned by a journalist , he has expressed such an opinion . He added the fact quo not immediately be gone & pique the cruise , demaestra qa `` '' the exp"
,,,Undecided/Unclear,,,,"shington officials do , judging by telegrams have been received . Mr. Sagasta added that in his opinion the painful catastrophe will not create any complications , much more , having Gblnete Spanish"
Undecided/Unclear,,,,,,,"esides Board filibustering , as in Key West teeming with laborantes , has alarm and mislead the opinion trying to take advantage the disaster against Spain . Hence the Sagasta and GuUn , lords of pos"
,,,,Undecided/Unclear,,,"ted navigation ea Wasinghton the admiralty , questioned by a journalist has expressed a similar opinion . It added to the fact not to pique the cruise immediately shows that the explosion can not be"
,,,,Undecided/Unclear,,,"om accident . However , draws attention to the fact that the commander of the cruiser Book your opinion . Mr. Mac Kinley has agreed to refrain for now sending another warship to Havana Waslfngton sta"
,,,Attack,,,,"ncident . Although there is no official news on his support , most of the senators gathered the opinion that the explosion was intentional . it suposo . that this event can cause more serious complic"
,,,,Undecided/Unclear,,,"of officers in charge of opening an information about the cause s of the incident and issue an opinion . Details catastrophe 17 . New York officials give Maine horrific d ' > k tollas spare catastro"
,,Suspend Opinion,,,,,"ent ( je blowing up the Maine ; . Words to the apparently ambiguous Mr. Sigsbee asks the public opinion in his country , in the first , to suspend judgment on the disaster to know its details . certa"
Undecided/Unclear,,,,,,,"onfusion that accompanied the first reports ue arrived from Washington about blowing QI Maine , opinion sensible , strange to all m ^ uinaciones of the j / 'Not even ; osmo , lively and good wish tha"
,,,,Undecided/Unclear,,,"ccident . however , it draws attention to the fact that the commander of the cruise reserve his opinion . Br . Mac-Kinley has agreed to refrain for now sending another warship to Havana station . Ea"
,,,Undecided/Unclear,,,,"in the committee heard an official way , the meeting gave preferential importance . The general opinion do the members of the commission is that the incident is the most serious and can lead to serio"
,,,,Undecided/Unclear,,,"ed of three officers responsible for opening information on causes of the incident and issue an opinion . Washington 17.- The Secretary of the Navy has ordered the ship Feru and torperos Squadron lea"
,,,,,,Undecided/Unclear,"re judgments about the causes that might cause the explosion of the Maine , we investigated the opinion of some marine distinguished about the particular the numerous hypotheses , the most likely it"
,,,Undecided/Unclear,,,,"the president of that Eapblica victim of equal equally and unjust acusiones . .8i Government of opinion is that it is not less government opinion of Mr. Sagasta 's , and neither can ignore even the e"
,,,Undecided/Unclear,,,,"qual equally and unjust acusiones . .8i Government of opinion is that it is not less government opinion of Mr. Sagasta 's , and neither can ignore even the exagr tii ? .Cê¯®es that year .If rigor puede"
,,Suspend Opinion,,,,,"apons . Boat fleet yet . In the explosion occur were delivered to the crew rest . r = .. Public opinion must suspend judgment until new details . It is believed that all Maine officials have been sav"
,,,,Undecided/Unclear,,,"f Navigation on the Admiralty Washington , questioned by a journalist , has expressed a similar opinion . Added to the fact not to pique the cruise have gone immediately shows that the explosion can"
,,,,,,Accident,"t m oderacin . L or s am erican all theorize about d cause disaster . L to g'neral d and expert opinion is that ios dol cause the accident , considered com or Most likely , h ave to be found in the U"
,,,,Undecided/Unclear,,,"o navigation in the admiralty Washington , questioned by a journalist , has expressed a similar opinion . H added that the fact not immediately have foundered cruise shows that the explosion can not"
,,Suspend Opinion,,,,,"nt . However , it draws attention to t he fact jne the commander of the cruiser he reserved his opinion . Mr. Mac Kinley T he agreed to abstain p or send another now do I do buquo of war Havana stati"
,,Suspend Opinion,,,,,"arments than those of the suit he was wearing . Regarding the cause of the disaster must public opinion suspend judgment until new reports trnasmiten . it is believed to have saved all officers . Sev"
,,,,Undecided/Unclear,,,"of Washington orders to Key West for some soon to sailing barges lighthouse . C- . Ingeniero.- opinion of Sir Wilian White , chief engineer of the British Royal Navy , has declared to be fully convi"
,,,,Undecided/Unclear,,,"esidence of the representative of the United States Mr. Wood- inside the ship , and this is the opinion sor of law at the University of Geneva , Hallbase six armed with guns do six inches gauge , fou"
Undecided/Unclear,,,,,,,"tion negotiated in Washington admiralty questioned by a journalist , he has expressed a similar opinion . He added the fact that the cruise not immediately have gone under , shows that the explosion"
,,,Undecided/Unclear,,,,"strophe ; praying to God not confirmed it had aboard that ship very dear friends . Reuter . The opinion of Mr. Dubosc Washington 16.- The current representative of Spain said that Mr. Dubosc , having"
,,,Undecided/Unclear,,,,"e President and to the American cabinet sentiment that produced the catastrophe of the Maine.La opinion of Mr. Dubosc Washington 16. the current representative of Spain , Mr. Dubosc , said that , hav"
,,Suspend Opinion,,,,,"weapons . The boat floats yet . In the explosion occur were delivered to the crew rest . Public opinion must suspend judgment until details . It is believed that all Maine officials have been saved ."
,,,,Undecided/Unclear,,,"idodenavegacinenelk admiralty Washington , questioned by a journalist , has expressed a similar opinion . He added the fact that the cruise shows not immediately have gone to pique the explosion can"
,,,,Undecided/Unclear,,,"\ 'ile Wai ^ ! ; gp hngtoa , Init % adp ^ n. ^ Qr one prdsta has exp ? EAA < ib uoa . pmajante opinion . It has Aiadido that crcupstancia non L bersfiidopqueinmeditihnte.e crucerp , depiestra the ex"
,,Suspend Opinion,,,,,"e Pettrrii ^ : ^ tj loakat know faaHabaa ntregadbs aldetsealtaf Loari p ( f * before . > Public opinion must suspend tiiS jui d hAta meet new detaUbS ; '' '' G '' '' Mse ^ e t6do ree `` '' Ofici '' '"
,,,,Undecided/Unclear,,,"sh navy unanimous that the explosion took place in the interior of the vessel , and this is the opinion of everyone here . Military doctors . Military Health has conducted oomo usual . All individual"
Attack,,,,,,,"he bombing of the Maine was intentional . It is hoped that the Washington government and public opinion in that country will not give credence to such patraas- At the least I do believe the latest ne"
,,,Undecided/Unclear,,,,"ntentional . According to our news , Cabinet Washington said comandafite telegraphed asking his opinion on what happened , to which one replied that , being away from the ship ocurii when the catastr"
,,,Undecided/Unclear,,,,"V. S. should try to counteract rumors and perfidy of the filibusters , and channel the straying opinion . Mr. Polo de Bernabe , appointed new Minister in that , comes out today for Gibraltar , where"
,,Suspend Opinion,,,,,"accident . However it draws attention to the fact that the commander of the cruise reserve his opinion . Mr. Mac Kinley has agreed to refrain for now sending another warship to Havana station . Wash"
,,,,Undecided/Unclear,,,"f three officers responsible for opening information on the causes of the incident and issue an opinion . Washington 17.- The Secretary of the Navy has ordered the Feru ship and torpedo squadron leav"
Undecided/Unclear,,,,,,,"mmission composed of sailors , expert in explosives and practical in handling torpedoes to give opinion on the cause that caused the catastrophe . As if this constituted little offense to Spain more"
Undecided/Unclear,,,,,,,"sion of a torpedo . The laborantes and make efforts ^ jingoes I unheard torque inover the contr opinion to Spain . I E l newspaper JVetr Forh Journal offers or n pre - mii `` '' d and 50,000 doliars"
,,,Undecided/Unclear,,,,"d suspicion and that it futse intentional . ^ investigadorii encargad commission to deliver an opinion on the strofe to ca will come out soon par to Havana . It consists of four officers higher . Pa"
,,,Undecided/Unclear,,,,"v due to ui , a criminal hand , attempt perhaps precipitate the aconteciraiaotos . This was the opinion that prevailed among Ciuda the senators of the committee , adding that if mentioned event will"
,,,Undecided/Unclear,,,,"issued General Blanco and nuwtro repreaontanto Mr. Dubose in Washington . In both notes that ta opinion imparcisl sensible and both do listings States and Spain , grateful to the aid appears to have"
,,,,,,Accident,"uct of the Alfonso Xll crew and all authorities 1I ^ and vecino of Habaaa . AdemSf Lee said his opinion on the explosion was that there had been careless in cleaning of torpedoes . Confirmed that the"
Attack,,,,,,,"iales missing , Lieutenant Jenkins and engineer Merritt assistant , died in ia catastrophe . An opinion about the bombing . The Washington correspondent of the Daily Telegraph He has consulted the op"
,,,,,,Undecided/Unclear,"on about the bombing . The Washington correspondent of the Daily Telegraph He has consulted the opinion of experts das artillery and torpedos on the likely causes of the disaster . These individuals"
Undecided/Unclear,,,,,,,"of the Maine mine needed He or torpedo the higher power , and it is too ridiculous venture the opinion that no one service of the Spanish Government had anything to do with this disaster . And , mor"
Undecided/Unclear,,,,,,,"ver , the fanatical mob of Havana surely had no elements to perform such work . ) `` `` Another opinion . The Discuiio'n Havana has publioado one v 'rsion , which eolacide with dt ^ supplied at' Offi"
,,,,,,Undecided/Unclear,"consists of marine , ae explosives experts and practical in the torpedos management to give its opinion on the causes of the disaster . In the instructions give this figure coCno the main committee t"
Undecided/Unclear,,,,,,,"l . But the suspension of judgment is complete mientra `` the investigating committee not '' or opinion . In the meantime , they are almost roayorta those who believe in favor of the crash was accide"
Undecided/Unclear,,,,,,,"coo they mean the evil enemies of Spain . VOLADORA OF THE MAINE ( telegraphic ) AGENCY FABRA.- opinion and the White House , the jigoes to jumping , the number of dead , . WASHINGTON 16.- The White"
,,Suspend Opinion,,,,,"dom accident . However , it draws attention to the fact quo commander of the cruise reserve his opinion . Mr. Mac-Kinley has agreed to refrain for now sending another warship to Havana station . Wash"
,,,,Undecided/Unclear,,,"ed of three officers , in charge do open an information the causes of the incident and issue an opinion . Washington 17 . The Secretary of the Navy has ordered the Feru ship and the squadron of torpe"
Attack,,,,,,,"f conflict between our nation and the US . Yesterday & Today algiln has gained ground in public opinion in the United States the idea that the disaster was the work of Spanish . A newspaper has offer"
,,,,Undecided/Unclear,,,"y commander Mr. Iriarte , the commander of Engineers Mr. Montero and Mr. Benavente lieutenant . Opinion in an anticipation to see what effect the disaster has occurred in the United States . In autho"
,,,,,,Undecided/Unclear,"pected completla deque aqulia lese intentional . Encrgala of the Commission of Inquiry issue an opinion on the disaster , due out in followed for Havana . It consists of four-i '' a2 superiores . ``"
,,,,,,Undecided/Unclear,"in Havana burial of victims of the Maine . '' The researcher encrgala Commission to deliver an opinion on the disaster , will be released soon for Havana . It consists of four official superiores.-E"
,,,,Accident,,,"o XII and all authorities and neighbors of Havana is not explained . In addition , Lee said his opinion about the explosion was that there had been careless in cleaning torpedoes . Confirmed that the"
,,,,,,Undecided/Unclear,"ission , composed of sailors , expert in explosives and practical in handling torpedoes to give opinion on the causes of the disaster is also named . In the instructions given to this committee is li"
Undecided/Unclear,,,,,,,"ent evidence to convict people or the government perpetrators of the explosion . NEWSPAPERS AND OPINION YANKEE New York 17.- .- Here telegraphed extract what they say the most influential newspapers"
,,,,Undecided/Unclear,,,"e officers responsible for opening an information about the causes of the incident and issue an opinion . Washington 17 . The Secretary of the Navy has ordered the Feru ship and torpedo boats Squadro"
,,,,Undecided/Unclear,,,"ed ; also it said he was aboard the City of Washington ; both versions are not yet proven . The opinion of the commander of the Marqus de la Ensenada , which , as a special judge understands the matt"
,,Suspend Opinion,,,,,"ccident . However , it draws attention to the fact that the commander of the cruise reserve his opinion . Mr. Mac Kinley has agreed to refrain for now sending another warship to Havana station . VICT"
,,,,Undecided/Unclear,,,"e officers responsible for opening an information about the causes of the incident and issue an opinion . Washington 17 . The Secretary of the Navy has ordered to the Feru ship and the squadron of to"
Undecided/Unclear,,,,,,,"well hamrlo without recourse to dosleaUades and defamation that will eeprobadas by the unbiased opinion of the world whole . Casual blowing the Main , can not give A k occasion war between Spain and"
Undecided/Unclear,,,,,,,"cy speech inside and outside , `` '' he ociip the catastrophe of the Maim and said the sensible opinion both `` '' n New York and Washington aa , ae mneetra eonvwnoid 'qa ' '1 ea oiastro Uaiw i \ xi"
,Accident,,,,,,"the laborantes try to take advantage attributing the event to external cause ; but the general opinion does justice to the truth of the 34 officers contained in the ship , Commander Hann unhurt resu"
,,,,Undecided/Unclear,,,"f three officers responsible for opening information on the causes of the incident and issue an opinion . Washington 17 .- The Secretary of the Navy has ordered the Feru ship and torpedo squadron lea"
,,,,,,Undecided/Unclear,"cers who form the investigative commission appointed by the Government of the Union to give its opinion on the catastrophe of the Maine . ** The Navy Minister Estaods States has asked Congress an ext"
,,,,Undecided/Unclear,,,"ral Blanco regarding the recognition of the hull of the Maine have received the approval of the opinion and especially the sea . The ban coming down alone American divers to practice this operation s"
,,,,,,Undecided/Unclear,"be discarded altogether suspected that this was intentional . The research mission to give its opinion on the catastrophe will come soon for Havana . It consists of four senior officers . 18 . Paris"
,,,,,,Undecided/Unclear,"card completely the suspicion that this was intentional . The investigating commission issue an opinion on the disaster will then to Havana . ! > E consists of otcialos top four . Paris 18 . Le Figar"
,,,,,,Undecided/Unclear,"jto `` '' ! The intenc'onal was . The iiyo cjini.sin : ; ti ; ; 'I adi ) encarg.ida ra issue an opinion on l.i catastrophe is due out in guida p ; anger i : ( tf.b , iua Isc four coiupoiia sniiei'ior"
Accident,,,,,,,"s constitute e l p rin cip subject to the ios com m ents Press this afternoon . Reva P lece the opinion that e l d e accident It was casual . At this point d and view insists G overnance without p er"
,,,,,,Undecided/Unclear,"ed completely the suspicion that this was intentional . The investigating committee to give its opinion on the catastrophe will come soon for Havana . It consists of four senior officers . From Havan"
,,,,,,Undecided/Unclear,"char suspicion that this was intentional . The ingestigadora Commission responsible for issuing opinion on the catastrophe will come soon for Havana . It consists of four senior officers . PARIS Pari"
Attack,,,,,,,"by a torpedo placed intentionally in the living work , as they mean the evil enemies of Spain . OPINION SENSATA Paris 18.- The newspaper Le Temps trying to blast Maine , says that today would be more"
,,,Undecided/Unclear,,,,"ked Senators that they should take further consideration of the point . Masson said that in his opinion it is clear that the truth is hidden in everything related to Cuba . The Government , in his vi"
,,,,,,Undecided/Unclear,"cers who form the investigative commission appointed by the Government of the Union to give its opinion on the catastrophe of the Maine . ** The Navy Minister Estaods States has asked Congress an ext"
Undecided/Unclear,,,,,,,"spapers commenting favorably news received from Cuba and Spain concerning the manifestations of opinion in the presence of the disaster that has suffered one of the best ships of the US Navy . THE ``"
Attack,,,,,,,"s of cement fell bilge Maine SoBe cover the American steamer City of Washington . This , in the opinion of many , Current transition that the explosion did not take place inside the boat . In the por"
Accident,,,,,,,"the catastrophe of the Maine , conirmando the impression that it was due to a random accident . Opinion au > Orik ! ) Da . What you exposing the correspondent of the Daily Chro- ol ? ! `` '' '' '' /"
Attack,,,,,,,"plosives , declares that believes nu q ^ ue has been a torpedo cause blasting . In af heard his opinion , points to the fact that there is physical impossibility for one inhuiio torpedo quo Santa Bar"
,,,Undecided/Unclear,,,,"Secretary of the Navy in the interview published today in several newspapers , try to calm the opinion , ensuring that the Government will proceed with all diligence and circumspection necessary . I"
Undecided/Unclear,,,,,,,"ity . The Daily News says : < telegraphy Washington correspondent Our pleasant news that public opinion in the United States regains calm after deep turmoil that produced the first news of the bombin"
Undecided/Unclear,,,,,,,"tances . Is however very flattering to know that these cases are not left no trace. > Important opinion . The correspondent of the Daily Chronicle in Washington telegraphy : < Leaving aside the sensa"
Undecided/Unclear,,,,,,,"rk , and purists who are capable of any exhibition so to see in print their names , the general opinion it is already among the most authoritative people that blowing up the Maine was by origin an in"
Accident,,,,,,,"es , says he does not believe that it was a torpedo caused the blast . In support of its states opinion that there is more physical impossibility for a torpedo inflame the powder magazine , because t"
,,,,,Undecided/Unclear,,"in Cuba . < It is difficult to reconcile these feelings with the undeniable fact that today 's opinion accepts in a general way the belief that even if it is proved that the Maine had been blown up"
Attack,,,,,,,"the Maiiw fell tub on the deck of the US steam Cily of lVa.kinf / Idn , This hecli . ^ , In the opinion of many , to Sign- that the explosion did not take place inside ship 's . In the port of Havana"
,,,Undecided/Unclear,,,,"e the occasional cause of many of the outstanding difficulties , neither the Government nor the opinion of Spain have been concerned about anything other than the steps and attempts of the United Sta"
,,,Undecided/Unclear,,,,"ers , with increasing efforts in the work practicing in the United States , trying to shake the opinion to provoke an international conflict , and while Jingos senators , aides those , try to contrib"
,,,Undecided/Unclear,,,,"s received lately . No public statement has made the US government because it can not make your opinion about the cause that produced the catastrophe of the Maine . But today , with more data still d"
,,,,,,Undecided/Unclear,"fficers who form the Commission of Inquiry appointed by the Government of the Union to give its opinion on the catastrophe of the Maine . Tonight at eight , out in the express of Andalusia , towards"
Undecided/Unclear,,,,,,,"spapers commenting favorably news received from Cuba and Spain concerning the manifestations of opinion in the presence of the disaster that has suffered one of the best ships of the US Navy . `` ( C"
Undecided/Unclear,,,,,,,"favorably Louy the news that reoi- '' '' '' '' A Cuba and Spain concerning manifesta- oones of opinion in praeenoia of the incident ^ Lue it has been one of the best victim bui '^ is the US Navy . '"
,,,,Undecided/Unclear,,,"rtment of War is said that the current activity in the preparations not intended to mislead the opinion , but is due to the general belief among senior officials is imminent serious crisis in relatio"
,,,,,,Undecided/Unclear,"and commissions to pass u the Bay of Havana ; but it is very dudosoque they serve to change the opinion . As .if we seem justified alarm and F ireocupacin a part of the Spanish public , it is or rela"
,,,,Undecided/Unclear,,,"ar Department is said that the current activity in the preparations not intended to mislead the opinion , it is due to the general belief among senior officials is imminent serious crisis in relation"
,,,,,Undecided/Unclear,,"ons between Spain and the United United . He says the correspondent said that in many people 's opinion , the refusal of Spain to respect the decision of the US government regarding the information o"
,,,Undecided/Unclear,,,,"tes , they believe in official centers may be spread by the jingoes exaggerations for effect on opinion . Dupuy seized on the issue , already finished , the Berliner Nachrichten Neuste , after playin"
Attack,,,,,,,"e they fell on the deck of the steamer North American City of Washington . This litcho , in the opinion of many , shows that the explosion did not take place within the ship . Kn the port of Havana ,"